{"cameraMode":{"drawMode":0,"name":"Shaded","section":"Shading Mode"},"sceneLighting":true,"audioPlay":false,"sceneViewState":{"showFog":true,"showMaterialUpdate":false,"showSkybox":true,"showFlares":true,"showImageEffects":true,"showParticleSystems":true},"in2DMode":false,"pivot":{"x":-11.60010814666748,"y":2.8705861568450929,"z":13.51255989074707},"rotation":{"x":0.05233635753393173,"y":0.9284247756004334,"z":-0.1434623748064041,"w":0.3386918604373932},"size":5.407395362854004,"orthographic":false}